City_ID,City,Lat,Lng,Max Temp,Humidity,Cloudiness,Wind Speed,Country,Date
0,rikitea,-23.1203,-134.9692,74.84,78,3,14.45,PF,1687800911
1,punta arenas,-53.15,-70.9167,37.51,75,100,18.41,CL,1687801174
2,vila velha,-20.3297,-40.2925,78.75,87,75,8.05,BR,1687801130
3,new norfolk,-42.7826,147.0587,49.5,75,100,6.93,AU,1687801174
4,mar del plata,-38.0023,-57.5575,60.82,72,0,10.36,AR,1687801174
5,vila franca do campo,37.7167,-25.4333,73.81,70,4,7.92,PT,1687801175
6,vaini,-21.2,-175.2,69.96,78,20,4.61,TO,1687801175
7,severo-kurilsk,50.6789,156.125,50.68,72,100,9.04,RU,1687801175
8,mayumba,-3.432,10.6554,72.05,93,55,10.13,GA,1687801175
9,talavera de la reina,39.9635,-4.8308,101.35,10,0,11.72,ES,1687801175
10,kisaran,2.9845,99.6158,73.11,98,37,2.51,ID,1687801176
11,abu road,24.4833,72.7833,82.83,76,84,5.41,IN,1687801176
12,muswellbrook,-32.2667,150.9,48.33,83,68,5.5,AU,1687801176
13,college,64.8569,-147.8028,61.59,71,75,4.61,US,1687801176
14,chissamba,-12.1667,17.3333,61.56,38,14,2.33,AO,1687801177
15,mataura,-46.1927,168.8643,41.38,97,48,2.28,NZ,1687801177
16,havelock,34.8791,-76.9013,87.98,82,75,18.41,US,1687801086
17,labytnangi,66.6572,66.4183,54.54,86,98,3.56,RU,1687801177
18,kapaa,22.0752,-159.319,79.12,85,20,18.41,US,1687801177
19,hermanus,-34.4187,19.2345,57.79,85,80,23.13,ZA,1687801178
20,avera,33.194,-82.5271,89.91,49,39,12.19,US,1687801178
21,norman wells,65.282,-126.8329,73.44,56,75,0.0,CA,1687801178
22,los llanos de aridane,28.6585,-17.9182,75.13,80,75,6.91,ES,1687801178
23,ilulissat,69.2167,-51.1,46.42,61,40,5.75,GL,1687801179
24,de aar,-30.6497,24.0123,57.97,37,89,3.58,ZA,1687801179
25,rockland,41.1668,-74.0496,77.25,90,100,1.99,US,1687801142
26,oranjemund,-28.55,16.4333,58.39,78,98,11.03,NA,1687801179
27,provideniya,64.3833,-173.3,45.86,88,100,4.81,RU,1687801180
28,lillooet,50.6856,-121.942,79.23,38,67,1.32,CA,1687801180
29,lebu,-37.6167,-73.65,53.98,78,100,15.9,CL,1687801180
30,hilo,19.7297,-155.09,74.12,91,40,5.75,US,1687800928
31,yellowknife,62.456,-114.3525,61.32,63,75,13.8,CA,1687801005
32,butaritari,3.0707,172.7902,79.43,89,100,11.99,KI,1687801181
33,chokurdakh,70.6333,147.9167,44.64,60,8,14.38,RU,1687801181
34,busselton,-33.65,115.3333,46.33,79,19,5.61,AU,1687801181
35,henderson,36.0397,-114.9819,91.67,9,0,21.85,US,1687801021
36,hobart,-42.8794,147.3294,49.86,76,99,12.66,AU,1687801029
37,tasiilaq,65.6145,-37.6368,44.76,93,100,16.53,GL,1687801182
38,port elizabeth,-33.918,25.5701,58.1,94,75,8.05,ZA,1687800960
39,cape town,-33.9258,18.4232,60.1,69,20,16.11,ZA,1687800925
40,constitucion,-35.3333,-72.4167,57.83,63,100,2.19,CL,1687801182
41,beringovskiy,63.05,179.3167,47.84,77,34,6.04,RU,1687801183
42,kodiak,57.79,-152.4072,47.71,93,100,9.22,US,1687801183
43,tilichiki,60.4667,166.1,51.64,74,87,5.03,RU,1687801183
44,bierbeek,50.8288,4.7619,70.29,53,75,8.05,BE,1687801184
45,saint george,37.1041,-113.5841,89.42,11,0,5.75,US,1687801184
46,airai,-8.9266,125.4092,59.86,95,40,0.94,TL,1687801184
47,ushuaia,-54.8,-68.3,33.46,51,75,6.91,AR,1687801109
48,marawi,7.9986,124.2928,68.95,91,94,4.03,PH,1687801185
49,hami,42.8,93.45,74.59,30,100,16.58,CN,1687801185
50,saint-leu,-21.15,55.2833,65.26,87,23,4.32,RE,1687801186
51,kimbe,-5.5502,150.1429,72.59,93,100,4.03,PG,1687801186
52,paamiut,61.994,-49.6678,38.62,83,90,23.53,GL,1687801186
53,gamba,-2.65,10.0,73.15,91,73,8.86,GA,1687801186
54,zambezi,-13.5432,23.1047,61.09,36,6,3.09,ZM,1687801187
55,saskylakh,71.9167,114.0833,57.63,46,22,9.35,RU,1687801187
56,east london,-33.0153,27.9116,56.34,94,75,5.75,ZA,1687801187
57,aksu,41.1231,80.2644,75.31,42,3,7.02,CN,1687801187
58,zonguldak,41.25,31.8333,60.6,93,17,1.52,TR,1687801188
59,atuona,-9.8,-139.0333,80.8,72,2,22.48,PF,1687801188
60,jamestown,42.097,-79.2353,63.72,100,100,8.05,US,1687801188
61,dikson,73.5069,80.5464,30.88,88,98,8.99,RU,1687801188
62,faya,18.3851,42.4509,77.52,45,93,5.59,SA,1687801189
63,khatanga,71.9667,102.5,58.59,50,49,5.01,RU,1687801189
64,verkhnyaya inta,65.9811,60.3094,53.51,73,56,9.17,RU,1687801189
65,northam,51.0333,-4.2167,64.38,77,100,12.01,GB,1687801189
66,henties bay,-22.116,14.2845,58.71,72,88,7.23,NA,1687801190
67,poso,-1.3959,120.7524,80.15,79,80,5.06,ID,1687801190
68,simao,22.7886,100.9748,65.5,86,4,1.77,CN,1687801190
69,ithaca,42.4406,-76.4966,81.91,74,75,18.41,US,1687800930
70,aden,12.7794,45.0367,93.99,44,61,10.98,YE,1687801190
71,ponta do sol,32.6667,-17.1,86.13,40,0,5.93,PT,1687801191
72,marang,5.2056,103.2059,78.71,85,64,2.93,MY,1687801191
73,cabo san lucas,22.8909,-109.9124,93.61,54,0,10.36,MX,1687801191
74,rapu-rapu,13.1866,124.1256,82.45,76,49,4.25,PH,1687801191
75,bredasdorp,-34.5322,20.0403,54.9,91,95,18.39,ZA,1687801192
76,iqaluit,63.7506,-68.5145,44.33,65,75,9.22,CA,1687801192
77,sitka,57.0531,-135.33,55.29,94,100,0.0,US,1687801192
78,porto novo,6.4965,2.6036,77.52,71,100,9.04,BJ,1687801192
79,avarua,-21.2078,-159.775,73.45,100,20,2.3,CK,1687801193
80,neuquen,-38.9516,-68.0591,58.89,38,0,16.11,AR,1687801193
81,mangrol,21.1167,70.1167,82.8,82,100,17.29,IN,1687801193
82,kaitangata,-46.2817,169.8464,44.33,94,88,4.54,NZ,1687801193
83,port alfred,-33.5906,26.891,56.17,90,100,5.01,ZA,1687801194
84,leh,34.1667,77.5833,58.42,61,59,5.41,IN,1687801194
85,thinadhoo,0.5333,72.9333,82.98,72,100,11.43,MV,1687801194
86,bluff,-46.6,168.3333,47.44,90,51,4.34,NZ,1687801194
87,torbay,47.6666,-52.7314,55.89,76,20,12.66,CA,1687800912
88,ulladulla,-35.35,150.4667,50.67,66,77,7.81,AU,1687801195
89,sucua,-2.4667,-78.1667,72.34,83,100,6.91,EC,1687801195
90,road town,18.4167,-64.6167,87.89,58,40,8.05,VG,1687801196
91,sioux falls,43.55,-96.7003,76.86,53,40,10.36,US,1687801106
92,bengkulu,-3.8004,102.2655,75.07,92,84,4.03,ID,1687801196
93,ballina,-28.8667,153.5667,46.47,47,4,4.34,AU,1687801014
94,arlit,18.7369,7.3853,102.45,14,2,1.97,NE,1687801196
95,dalby,-27.1833,151.2667,47.34,43,54,7.27,AU,1687801196
96,georgetown,5.4112,100.3354,82.33,89,20,2.3,MY,1687801011
97,adrar,20.5022,-10.0711,106.07,6,0,9.57,MR,1687801197
98,kieta,-6.2167,155.6333,76.6,81,98,8.97,PG,1687801197
99,banyo,6.75,11.8167,67.14,93,97,1.52,CM,1687801197
100,belaya gora,68.5333,146.4167,52.7,55,53,12.53,RU,1687801198
101,fairbanks,64.8378,-147.7164,61.61,71,75,4.61,US,1687801198
102,barrow,71.2906,-156.7887,33.82,93,100,11.5,US,1687801139
103,honningsvag,70.9821,25.9704,51.55,82,75,3.44,NO,1687801198
104,albanel,48.8832,-72.4487,69.94,68,95,14.97,CA,1687801198
105,tuktoyaktuk,69.4541,-133.0374,69.8,56,75,10.36,CA,1687801199
106,show low,34.2542,-110.0298,86.29,15,0,19.57,US,1687801199
107,leningradskiy,69.3833,178.4167,32.58,92,99,9.75,RU,1687801199
108,victoria,22.2855,114.1577,85.32,87,59,8.01,HK,1687801055
109,duyure,13.6333,-86.8167,81.12,65,99,4.88,HN,1687801199
110,sao filipe,14.8961,-24.4956,75.18,78,30,20.98,CV,1687801200
111,ugoofaaru,5.6667,73.0,81.77,80,100,13.91,MV,1687801200
112,san quintin,30.4833,-115.95,67.17,70,1,21.27,MX,1687801201
113,drayton valley,53.2168,-114.9854,70.34,63,52,3.65,CA,1687801201
114,nabire,-3.3667,135.4833,76.28,92,63,2.19,ID,1687801202
115,geraldton,-28.7667,114.6,39.61,93,2,5.75,AU,1687801202
116,moba,33.2288,105.0179,59.88,99,97,3.67,CN,1687801203
117,castel san giovanni,45.0583,9.4335,92.08,67,3,4.88,IT,1687801203
118,honiara,-9.4333,159.95,76.6,70,100,4.25,SB,1687801204
119,talnakh,69.4865,88.3972,54.21,60,88,6.04,RU,1687801204
120,katsuura,35.1333,140.3,73.42,98,100,3.06,JP,1687801204
121,isangel,-19.55,169.2667,65.37,68,20,3.36,VU,1687801204
122,clyde river,70.4692,-68.5914,35.83,100,40,4.61,CA,1687801205
123,axim,4.8699,-2.2405,77.67,71,84,8.72,GH,1687801205
124,faanui,-16.4833,-151.75,80.87,75,29,16.93,PF,1687801205
125,fortuna,40.5982,-124.1573,57.65,97,100,5.75,US,1687801206
126,albany,42.6001,-73.9662,81.18,76,100,5.99,US,1687800913
127,abensberg,48.8167,11.85,84.96,60,23,8.7,DE,1687801208
128,saint-philippe,-21.3585,55.7679,65.79,77,16,5.48,RE,1687801208
129,hithadhoo,-0.6,73.0833,82.72,73,100,10.0,MV,1687801208
130,arraial do cabo,-22.9661,-42.0278,82.26,57,0,10.36,BR,1687801209
131,oksfjord,70.2396,22.3479,62.01,64,4,6.06,NO,1687801209
132,castro,-24.7911,-50.0119,71.91,47,0,6.11,BR,1687801209
133,presidencia roque saenz pena,-26.7852,-60.4388,91.0,31,0,14.0,AR,1687801210
134,itacare,-14.2775,-38.9967,75.16,85,57,10.11,BR,1687801210
135,cabras,39.93,8.5314,75.76,79,0,6.71,IT,1687801211
136,male,4.1748,73.5089,84.15,79,75,11.5,MV,1687801211
137,salalah,17.0151,54.0924,82.49,89,20,8.05,OM,1687801096
138,touros,-5.1989,-35.4608,82.85,63,20,13.62,BR,1687801212
139,zhezkazgan,47.8043,67.7144,61.34,51,34,17.94,KZ,1687801212
140,carnarvon,-24.8667,113.6333,58.21,58,2,26.69,AU,1687801212
141,betsiamites,48.9413,-68.646,64.49,62,99,11.56,CA,1687801212
142,maidens,55.3338,-4.8147,62.64,72,28,9.19,GB,1687801213
143,kavieng,-2.5744,150.7967,82.13,77,100,8.3,PG,1687801213
144,bakchar,57.0186,82.0711,50.0,94,88,4.45,RU,1687801213
145,beyneu,45.3167,55.2,78.44,22,8,8.99,KZ,1687801214
146,wenling,28.3669,121.36,78.03,95,96,8.32,CN,1687801214
147,ulagan,50.6321,87.9563,40.06,90,22,1.12,RU,1687801214
148,urumqi,43.801,87.6005,61.75,59,0,4.47,CN,1687801214
149,palauig,15.435,119.9045,82.74,78,73,5.53,PH,1687801215
150,sidi ali,36.0998,0.4206,69.89,80,0,20.22,DZ,1687801215
151,egvekinot,66.3167,-179.1667,46.17,69,23,5.75,RU,1687801215
152,aqtobe,50.2797,57.2072,59.09,58,0,6.71,KZ,1687801215
153,pitkyaranta,61.5734,31.4792,67.05,55,43,0.43,RU,1687801216
154,ambilobe,-13.2,49.05,70.18,66,50,7.52,MG,1687801216
155,ribeira grande,38.5167,-28.7,72.0,83,75,4.0,PT,1687801216
156,kalabo,-14.97,22.6814,63.77,36,15,2.73,ZM,1687801216
157,broken hill,-31.95,141.4333,52.27,48,99,5.97,AU,1687801217
158,kanash,55.5086,47.4956,55.11,68,10,6.22,RU,1687801217
159,bambous virieux,-20.3428,57.7575,68.25,83,40,2.3,MU,1687801217
160,puerto ayora,-0.7393,-90.3518,84.16,86,52,8.99,EC,1687801218
161,uthal,25.8072,66.6219,86.4,74,59,9.64,PK,1687801218
162,baiyin,36.5583,104.2081,73.87,50,88,8.55,CN,1687801218
163,tuatapere,-46.1333,167.6833,44.62,91,88,3.53,NZ,1687801219
164,laguna,38.421,-121.4238,76.33,63,0,8.05,US,1687801219
165,sydney,-33.8679,151.2073,55.63,62,34,17.27,AU,1687801158
166,lianran,24.9227,102.485,68.54,74,97,2.26,CN,1687801220
167,santa isabel,-23.3156,-46.2214,79.9,41,0,3.24,BR,1687801220
168,plettenberg bay,-34.0527,23.3716,56.14,87,98,10.92,ZA,1687801220
169,naze,28.3667,129.4833,76.12,86,6,10.54,JP,1687801221
170,kahului,20.8947,-156.47,78.84,77,20,9.22,US,1687801221
171,mount isa,-20.7333,139.5,53.37,82,52,0.0,AU,1687801221
172,ahipara,-35.1667,173.1667,51.82,84,100,10.74,NZ,1687801221
173,thompson,55.7435,-97.8558,64.56,42,40,8.05,CA,1687801221
174,stony mountain,50.0864,-97.2196,75.13,68,75,11.5,CA,1687801222
175,upernavik,72.7868,-56.1549,35.01,84,33,1.05,GL,1687801222
176,ailigandi,9.2333,-78.0167,82.53,83,95,4.32,PA,1687801222
177,saulkrasti,57.2622,24.4147,68.77,83,36,8.86,LV,1687801222
178,uzhur,55.3036,89.8339,48.7,87,47,3.13,RU,1687801222
179,oda,35.1833,132.5,72.61,92,100,10.38,JP,1687801223
180,tanete,-3.9443,119.7848,74.17,97,86,1.25,ID,1687801223
181,mount gambier,-37.8333,140.7667,46.78,98,89,4.83,AU,1687801223
182,okha,53.5739,142.9478,50.14,97,90,3.47,RU,1687801223
183,harper,4.375,-7.7169,77.32,76,98,12.08,LR,1687801224
184,mantua,45.1667,10.7833,92.44,60,1,5.84,IT,1687801224
185,moron,-34.6534,-58.6198,69.93,71,94,3.15,AR,1687801224
186,mitchell,43.7094,-98.0298,77.11,48,0,8.05,US,1687801141
187,brigantine,39.4101,-74.3646,87.21,78,0,12.66,US,1687801224
188,namibe,-15.1961,12.1522,62.94,76,3,13.24,AO,1687801224
189,port hedland,-20.3167,118.5667,60.85,88,70,8.05,AU,1687801225
190,christchurch,-43.5333,172.6333,46.94,91,100,2.3,NZ,1687801225
191,great bend,38.3645,-98.7648,86.04,40,0,9.22,US,1687801225
192,bandar-e lengeh,26.5579,54.8807,91.51,79,29,4.61,IR,1687801225
193,bathsheba,13.2167,-59.5167,86.61,70,40,13.8,BB,1687801226
194,nikolskoye,59.7035,30.7861,69.69,78,93,4.21,RU,1687801226
195,altay,47.8667,88.1167,52.29,62,32,4.36,CN,1687801226
196,ponta delgada,37.7333,-25.6667,74.12,68,75,11.5,PT,1687801226
197,cayenne,4.9333,-52.3333,89.64,66,75,12.66,GF,1687801226
198,aklavik,68.2191,-135.0107,77.41,30,100,12.86,CA,1687801227
199,souillac,-20.5167,57.5167,68.38,83,40,2.3,MU,1687801227
200,yichun,47.7,128.9,66.49,49,99,1.34,CN,1687801227
201,nicoya,10.1483,-85.452,83.17,76,99,5.46,CR,1687801071
202,kavaratti,10.5669,72.642,81.45,79,100,17.56,IN,1687801227
203,merrill,45.1805,-89.6835,65.97,85,100,10.36,US,1687801163
204,batagay,67.6333,134.6333,55.18,71,40,7.18,RU,1687801228
205,lufilufi,-13.8745,-171.5986,71.38,74,9,11.95,WS,1687801228
206,upington,-28.4478,21.2561,70.18,24,0,8.05,ZA,1687801228
207,topolobampo,25.6,-109.05,89.51,43,75,13.8,MX,1687801229
208,biak,-0.9131,122.8766,76.41,87,16,3.13,ID,1687801229
209,tiznit,29.5833,-9.5,92.08,20,17,3.87,MA,1687801229
210,kisanga,-7.4362,37.7034,70.7,58,3,4.52,TZ,1687801231
211,hovd,48.0056,91.6419,50.65,64,98,5.35,MN,1687801231
212,ostrovnoy,68.0531,39.5131,47.48,81,75,10.98,RU,1687801231
213,bentiu,9.2333,29.8333,75.09,88,98,3.76,SS,1687801232
214,bethel,41.3712,-73.414,78.55,83,100,6.91,US,1687801200
215,bourail,-21.5667,165.4833,60.3,73,12,3.71,NC,1687801232
216,cutervo,-6.379,-78.8157,66.49,42,82,7.96,PE,1687801232
217,stepnyak,52.8339,70.7803,56.32,86,89,13.22,KZ,1687801233
218,codrington,-38.2667,141.9667,45.37,95,69,8.57,AU,1687801233
219,cilegon,-6.0174,106.0538,77.09,83,7,5.1,ID,1687801233
220,vrnograc,45.1636,15.9536,77.49,75,1,3.04,BA,1687801233
221,karpathos,35.507,27.2132,75.16,88,0,19.57,GR,1687801234
222,erzin,36.9559,36.2,72.7,89,12,5.28,TR,1687801234
223,narsaq,60.9167,-46.05,57.42,64,93,5.17,GL,1687801234
224,fort nelson,58.8053,-122.7002,74.79,40,40,10.36,CA,1687801190
225,ambah,26.7075,78.2261,91.08,57,99,5.68,IN,1687801235
226,karonga,-9.9333,33.9333,63.0,84,5,4.56,MW,1687801235
227,vardo,70.3705,31.1107,48.18,87,82,1.14,NO,1687801235
228,kilindoni,-7.9139,39.6668,78.39,65,9,16.8,TZ,1687801235
229,labuhan,-6.8844,112.2051,79.18,78,34,16.15,ID,1687801236
230,bam,29.106,58.357,97.32,22,50,1.32,IR,1687801236
231,damavand,35.7178,52.065,72.59,37,0,2.57,IR,1687801236
232,nome,64.5011,-165.4064,48.16,87,100,3.44,US,1687801236
233,bavleny,56.4,39.56,60.31,69,39,7.65,RU,1687801237
234,tiksi,71.6872,128.8694,51.51,57,57,11.59,RU,1687801237
235,te anau,-45.4167,167.7167,42.13,94,75,0.72,NZ,1687801237
236,longyan,25.1072,117.0225,72.52,98,97,2.62,CN,1687801237
237,nanchang,28.6833,115.8833,74.48,93,36,4.56,CN,1687801238
238,pisco,-13.7,-76.2167,68.05,77,100,9.22,PE,1687801238
239,xuddur,4.1213,43.8894,76.14,69,100,17.2,SO,1687801238
240,kysyl-syr,63.8986,122.7617,58.8,57,95,5.26,RU,1687801238
241,vilhena,-12.7406,-60.1458,82.62,47,0,10.36,BR,1687801238
242,pangoa,-12.1167,-73.0,87.44,42,6,4.25,PE,1687801239
243,meulaboh,4.1363,96.1285,75.11,94,100,5.06,ID,1687801239
244,batticaloa,7.7102,81.6924,82.24,66,80,8.97,LK,1687801239
245,necochea,-38.5473,-58.7368,60.17,46,87,14.65,AR,1687801239
246,keetmanshoop,-26.5833,18.1333,59.86,45,46,9.98,NA,1687801240
247,aldan,58.6031,125.3894,65.66,55,77,6.11,RU,1687801240
248,zafra,38.4167,-6.4167,100.29,8,0,14.72,ES,1687801240
249,kiunga,-6.1219,141.2906,74.26,99,95,1.88,PG,1687801240
250,raudeberg,61.9875,5.1352,61.95,99,96,5.48,NO,1687801241
251,hasaki,35.7333,140.8333,74.21,90,100,6.93,JP,1687801241
252,lompoc,34.6391,-120.4579,65.84,87,100,11.5,US,1687801241
253,ahuimanu,21.4447,-157.8378,78.21,76,75,16.11,US,1687801241
254,sawakin,19.1059,37.3321,94.06,32,24,5.91,SD,1687801242
255,sarai sidhu,30.5949,71.9698,89.62,54,56,8.19,PK,1687801242
256,saint-denis,48.9167,2.3333,73.96,42,0,12.66,FR,1687801242
257,grindavik,63.8424,-22.4338,58.95,76,75,14.97,IS,1687801242
258,mayo,38.8876,-76.5119,89.11,75,0,10.36,US,1687801242
259,panjab,34.388,67.0233,61.32,51,64,2.64,AF,1687801243
260,khanpur,28.6453,70.6567,102.11,32,79,9.46,PK,1687801243
261,montero,-17.3333,-63.25,86.9,40,0,11.27,BO,1687801243
262,kataysk,56.289,62.5841,52.47,92,100,15.97,RU,1687801243
263,slavyanka,42.8633,131.3847,63.3,98,100,1.3,RU,1687801243
264,de-kastri,51.4667,140.7833,54.18,98,25,2.17,RU,1687801244
265,zykovo,55.9519,93.1461,54.34,90,25,4.36,RU,1687801244
266,melville,40.7934,-73.4151,80.6,79,40,12.66,US,1687801045
267,qaanaaq,77.484,-69.3632,38.41,87,83,4.07,GL,1687801244
268,aubenas,44.6201,4.3899,86.16,63,49,7.76,FR,1687801244
269,qrendi,35.8347,14.4583,80.26,50,20,10.36,MT,1687801245
270,bilibino,68.0546,166.4372,57.09,81,86,3.53,RU,1687801245
271,kambove,-10.8764,26.5969,60.78,47,37,4.29,CD,1687801245
272,turukhansk,65.8167,87.9833,52.34,59,96,6.2,RU,1687801245
273,cherskiy,68.75,161.3,45.79,74,4,14.92,RU,1687801246
274,nantucket,41.2835,-70.0995,77.14,94,75,9.22,US,1687801246
275,pacific grove,36.6177,-121.9166,66.02,86,100,8.99,US,1687801124
276,zhigansk,66.7697,123.3711,51.53,61,94,18.28,RU,1687801246
277,dingle,10.9995,122.6711,76.03,91,70,2.33,PH,1687801247
278,whitehorse,60.7161,-135.0538,59.77,51,75,2.3,CA,1687801116
279,dunedin,-45.8742,170.5036,49.8,89,100,3.47,NZ,1687800991
280,oussouye,12.485,-16.5469,87.89,76,71,11.61,SN,1687801247
281,nision,40.6369,22.3878,82.26,56,26,3.4,GR,1687801247
282,tonj,7.2737,28.6822,72.82,93,99,1.45,SS,1687801248
283,klaksvik,62.2266,-6.589,58.12,86,96,6.46,FO,1687801248
284,nassau,40.7507,-73.5829,80.98,76,40,12.66,US,1687801248
285,esperance,-33.8667,121.9,51.39,85,68,9.57,AU,1687801248
286,cherrapunji,25.3,91.7,66.11,99,100,7.87,IN,1687801248
287,luderitz,-26.6481,15.1594,54.9,94,100,10.8,NA,1687801249
288,vetlanda,57.4289,15.0776,72.05,40,59,8.61,SE,1687801249
289,huilong,31.8111,121.655,77.94,92,71,5.55,CN,1687801249
290,quatre cocos,-20.2078,57.7625,68.11,69,25,10.65,MU,1687801249
291,jalalabad,34.4265,70.4515,84.38,67,64,1.66,AF,1687801250
292,tomatlan,19.9333,-105.25,94.82,45,20,13.11,MX,1687801250
293,inta,66.0317,60.1659,54.43,68,31,9.82,RU,1687801250
294,tabuk,17.4189,121.4443,74.71,94,71,3.09,PH,1687801250
295,san mateo del mar,16.2,-95.0,88.25,63,92,23.31,MX,1687801251
296,ormara,25.2088,64.6357,84.9,80,65,7.49,PK,1687801251
297,ayia galini,35.1,24.6833,79.39,81,14,1.99,GR,1687801251
298,mahibadhoo,3.7833,72.9667,82.87,76,100,11.68,MV,1687801251
299,anadyr,64.75,177.4833,54.1,71,0,8.01,RU,1687801252
300,lorengau,-2.0226,147.2712,81.48,81,99,8.61,PG,1687801252
301,cururupu,-1.8283,-44.8683,83.37,74,34,5.28,BR,1687801252
302,cidreira,-30.1811,-50.2056,79.23,63,83,0.45,BR,1687801254
303,viedma,-40.8135,-62.9967,59.81,31,19,17.02,AR,1687801254
304,ixtapa,20.7,-105.2,87.03,66,40,8.05,MX,1687801220
305,erba,45.8096,9.2312,89.46,46,4,5.88,IT,1687801254
306,naryan-mar,67.6713,53.087,46.54,73,74,9.95,RU,1687801255
307,trenggalek,-8.05,111.7167,73.26,96,64,2.37,ID,1687801255
308,yugo-kamskiy,57.7053,55.5894,64.42,64,50,3.38,RU,1687801255
309,coquimbo,-29.9533,-71.3436,67.73,63,0,9.22,CL,1687800988
310,baracoa,20.3467,-74.4958,83.25,78,88,13.33,CU,1687801256
311,finschhafen,-6.6024,147.8681,78.04,83,99,10.31,PG,1687801256
312,san patricio,28.017,-97.5169,97.52,26,9,11.81,US,1687801256
313,stornoway,58.2093,-6.3865,64.09,64,40,14.97,GB,1687801256
314,kytmanovo,53.4593,85.4479,51.39,73,11,5.12,RU,1687801257
315,arys,42.4252,68.795,79.68,17,0,5.32,KZ,1687801257
316,adre,13.4667,22.2,88.47,34,47,7.65,TD,1687801257
317,hamilton,39.1834,-84.5333,79.72,65,75,19.57,US,1687800964
318,bilma,18.6853,12.9164,97.95,10,8,9.66,NE,1687801258
319,palmer,42.1584,-72.3287,82.0,61,100,8.05,US,1687801097
320,tautira,-17.7333,-149.15,80.13,76,33,19.22,PF,1687801258
321,bodrum,37.0383,27.4292,85.93,72,0,14.25,TR,1687801083
322,jinchang,38.4953,102.1739,73.67,27,40,6.98,CN,1687801259
323,grand island,40.925,-98.342,80.55,38,0,10.36,US,1687801259
324,gurgentepe,40.7883,37.6017,58.89,87,0,3.56,TR,1687801259
325,kadoma,34.7333,135.5833,75.2,87,100,2.3,JP,1687801259
326,sao joao do piaui,-8.3581,-42.2467,92.48,24,37,9.91,BR,1687801260
327,kuusankoski,60.907,26.6244,70.41,64,75,10.36,FI,1687801260
328,mitu,1.1983,-70.1733,90.19,51,95,1.99,CO,1687801260
329,daru,-9.0763,143.2092,77.88,87,100,15.52,PG,1687801260
330,bandarbeyla,9.4942,50.8122,75.97,78,26,30.56,SO,1687801261
331,iberia,29.9502,-91.7507,91.96,69,75,18.41,US,1687801261
332,dali,25.7,100.1833,65.32,89,84,3.04,CN,1687801261
333,bubaque,11.2833,-15.8333,81.73,76,84,9.26,GW,1687801261
334,alta floresta,-9.8756,-56.0861,105.62,24,40,4.61,BR,1687801261
335,taitung,22.7583,121.1444,79.12,79,5,3.62,TW,1687801262
336,walvis bay,-22.9575,14.5053,58.15,88,100,8.05,NA,1687801262
337,vestmannaeyjar,63.4427,-20.2734,52.79,93,100,9.22,IS,1687801262
338,palana,59.1167,159.9667,50.41,68,49,12.88,RU,1687801262
339,mahebourg,-20.4081,57.7,68.29,83,40,2.3,MU,1687801263
340,saint anthony,45.0205,-93.218,78.84,59,0,16.11,US,1687801263
341,kruisfontein,-34.0033,24.7314,55.89,96,100,11.12,ZA,1687801263
342,oistins,13.0667,-59.5333,86.09,70,40,13.8,BB,1687801263
343,iquique,-20.2208,-70.1431,68.04,78,78,5.1,CL,1687801264
344,taltal,-25.4,-70.4833,62.04,79,24,6.04,CL,1687801264
345,kaduqli,11.0167,29.7167,80.83,70,48,5.93,SD,1687801264
346,kandrian,-6.2167,149.55,73.69,97,100,4.74,PG,1687801264
347,haines junction,60.7522,-137.5108,57.15,58,98,2.3,CA,1687801265
348,padrauna,26.9025,83.9819,90.28,54,100,15.26,IN,1687801265
349,mezen,65.8522,44.24,57.61,72,19,4.56,RU,1687801265
350,nanortalik,60.1432,-45.2371,43.72,76,97,2.82,GL,1687801266
351,izhma,65.0083,53.9113,55.53,62,51,5.08,RU,1687801266
352,puerto madryn,-42.7692,-65.0385,59.36,25,0,23.78,AR,1687801266
353,kapustin yar,48.5831,45.7372,72.7,35,97,6.13,RU,1687801266
354,laguna de perlas,12.3429,-83.6712,84.29,87,100,2.62,NI,1687801266
355,jiayuguan,39.8167,98.3,72.54,17,47,2.89,CN,1687801267
356,kluczbork,50.9728,18.2182,73.06,62,71,4.65,PL,1687801267
357,sterling,39.0062,-77.4286,87.19,60,100,5.75,US,1687801267
358,alofi,-19.0595,-169.9187,62.49,94,40,0.0,NU,1687801267
359,lasa,46.6166,10.7002,81.48,58,31,5.93,IT,1687801268
360,morant bay,17.8815,-76.4093,94.71,51,43,7.78,JM,1687801268
361,yaan,7.3833,8.5667,77.14,84,86,4.97,NG,1687801268
362,astana,51.1801,71.446,64.35,59,0,17.9,KZ,1687801153
363,eberbach,49.4694,8.9928,81.39,38,82,3.0,DE,1687801268
364,dryden,49.7833,-92.7503,75.49,57,0,6.91,CA,1687801269
365,aripuana,-9.1667,-60.6333,94.86,33,5,3.31,BR,1687801269
366,maintal,50.15,8.8333,79.61,42,68,14.0,DE,1687801269
367,zmeinogorsk,51.1567,82.195,53.4,62,76,5.06,RU,1687801269
368,cleveland,41.4995,-81.6954,77.45,73,75,19.57,US,1687801270
369,montoro,38.0241,-4.3834,107.28,17,35,9.01,ES,1687801270
370,bagdarin,54.4333,113.6,57.13,91,77,2.46,RU,1687801270
371,kibre mengist,5.8833,38.9833,60.94,87,100,2.95,ET,1687801270
372,erenhot,43.6475,111.9767,72.97,24,2,4.14,CN,1687801271
373,yingcheng,30.95,113.55,74.95,89,0,6.26,CN,1687801271
374,nouadhibou,20.931,-17.0347,75.18,73,0,17.27,MR,1687801271
375,san rafael,-34.6177,-68.3301,57.36,51,40,6.73,AR,1687801271
376,ugrinovci,44.8783,20.1869,82.49,49,0,8.05,RS,1687801271
377,sioux lookout,50.1001,-91.917,73.47,56,75,10.36,CA,1687801272
378,port said,31.2565,32.2841,82.38,74,0,12.66,EG,1687801272
379,flinders,-34.5833,150.8552,57.18,63,64,8.01,AU,1687801272
380,kaniama,-7.5667,24.1833,74.12,41,6,1.81,CD,1687801272
381,grand-lahou,5.1367,-5.0242,76.26,80,98,8.14,CI,1687801273
382,jining,35.405,116.5814,78.69,62,30,11.83,CN,1687801273
383,qandala,11.472,49.8728,92.3,54,92,5.5,SO,1687801273
384,konongo,6.6167,-1.2167,74.95,84,90,3.29,GH,1687801273
385,sebezh,56.2955,28.4654,58.32,95,100,3.13,RU,1687801273
386,coffs harbour,-30.3,153.1333,47.14,93,39,2.3,AU,1687801118
387,taldan,53.6667,124.8,56.84,79,92,2.73,RU,1687801274
388,voh,-20.9667,164.7,58.12,72,28,2.44,NC,1687801274
389,horsham,51.064,-0.3272,71.83,46,0,16.11,GB,1687801274
390,longyearbyen,78.2186,15.6401,42.64,87,75,10.36,SJ,1687801274
391,rantepao,-2.9701,119.8978,68.07,98,99,1.79,ID,1687801275
392,pimentel,-6.8367,-79.9342,80.89,61,75,9.22,PE,1687801275
393,qui nhon,13.7667,109.2333,76.77,90,100,2.13,VN,1687801275
394,alamosa,37.4695,-105.87,80.58,18,0,9.22,US,1687801275
395,villamontes,-21.25,-63.5,87.24,51,0,0.0,BO,1687801276
396,la macarena,2.1837,-73.7849,84.45,71,90,3.24,CO,1687801276
397,port lincoln,-34.7333,135.8667,53.4,81,100,8.37,AU,1687801277
398,piste,20.7,-88.5833,89.65,62,40,5.75,MX,1687801277
399,fougamou,-1.2154,10.5838,77.94,69,79,3.8,GA,1687801278
400,yumen,40.2833,97.2,72.0,21,68,28.41,CN,1687801278
401,hualmay,-11.0964,-77.6139,68.49,79,62,13.11,PE,1687801278
402,yar-sale,66.8333,70.8333,53.06,64,100,4.45,RU,1687801279
403,rio gallegos,-51.6226,-69.2181,41.05,81,100,16.11,AR,1687801068
404,pevek,69.7008,170.3133,36.23,75,72,2.59,RU,1687801279
405,lavrentiya,65.5833,-171.0,40.93,88,100,6.11,RU,1687801279
406,yenagoa,4.9247,6.2642,75.07,94,100,4.36,NG,1687801279
407,tahta,26.7693,31.5021,88.27,11,0,11.07,EG,1687801280
408,tukrah,32.5341,20.5791,74.77,89,0,13.38,LY,1687801280
409,barsovo,61.1667,73.1667,51.93,62,98,6.2,RU,1687801280
410,korla,41.7597,86.1469,69.94,33,6,13.65,CN,1687801281
411,sambava,-14.2667,50.1667,64.09,87,8,2.24,MG,1687801281
412,mareeba,-17.0,145.4333,65.12,92,88,6.42,AU,1687801281
413,parfenyevo,58.484,43.4088,59.77,72,49,1.74,RU,1687801281
414,sisimiut,66.9395,-53.6735,45.88,61,35,8.34,GL,1687801282
415,asau,46.4333,26.4,74.32,89,35,3.85,RO,1687801282
416,chingirlau,51.095,54.0814,55.87,68,33,10.89,KZ,1687801282
417,ketchikan,55.3422,-131.6461,59.47,88,100,5.75,US,1687801282
418,lethem,3.3803,-59.7968,90.48,52,26,6.15,GY,1687801283
419,khash,28.2211,61.2158,80.44,45,76,11.52,IR,1687801283
420,hulyaypole,47.6653,36.2578,65.97,86,83,4.68,UA,1687801283
421,huicheng,23.0385,116.2899,77.5,93,89,1.97,CN,1687801283
422,samarai,-10.6167,150.6667,79.36,72,91,15.59,PG,1687801283
423,hue,16.4667,107.6,82.51,78,40,3.44,VN,1687801284
424,albury,-36.0833,146.9167,48.02,100,100,3.53,AU,1687801243
425,prince rupert,54.3161,-130.3201,62.69,80,0,4.61,CA,1687801284
426,jumla,29.2747,82.1838,61.86,92,69,1.03,NP,1687801143
427,vao,-22.6667,167.4833,68.25,62,30,15.82,NC,1687801284
428,skjervoy,70.0311,20.9714,59.0,89,0,12.48,NO,1687801285
429,petropavlovsk-kamchatskiy,53.0452,158.6483,48.79,100,0,2.24,RU,1687801285
430,pescantina,45.4837,10.8685,91.62,29,0,3.44,IT,1687801285
431,dubrovnik,42.6481,18.0922,78.44,69,20,4.61,HR,1687801285
432,olafsvik,64.8945,-23.7142,52.16,80,58,6.91,IS,1687801285
433,mogadishu,2.0371,45.3438,77.02,83,20,16.26,SO,1687801156
434,pecos,31.4229,-103.4932,104.09,13,0,0.0,US,1687801286
435,lata,40.1629,-8.3327,80.92,42,1,7.87,PT,1687801286
436,thongwa,16.7619,96.5278,78.96,90,100,2.26,MM,1687801286
437,sinnamary,5.3833,-52.95,81.07,80,17,12.59,GF,1687801286
438,otane,-39.8833,176.6333,50.02,96,92,1.74,NZ,1687801287
439,namatanai,-3.6667,152.4333,79.32,84,100,10.87,PG,1687801287
440,vanimo,-2.6741,141.3028,75.52,91,100,3.38,PG,1687801287
441,novikovo,51.1537,37.8879,55.83,91,100,13.76,RU,1687801287
442,itaqui,-29.1253,-56.5531,78.58,62,75,13.15,BR,1687801288
443,pakhtakoron,40.1571,68.7466,76.23,26,60,2.68,TJ,1687801288
444,iwata,34.7,137.85,74.01,92,100,3.0,JP,1687801288
445,saryg-sep,51.5,95.6,49.15,63,100,4.79,RU,1687801288
446,ancud,-41.8697,-73.8203,49.75,83,93,13.62,CL,1687801289
447,ereymentau,51.6199,73.1033,63.36,58,100,22.17,KZ,1687801289
448,morgantown,39.6295,-79.9559,81.45,60,65,8.95,US,1687801256
449,puerto leguizamo,-0.1934,-74.7819,80.78,86,70,2.89,CO,1687801289
450,port jervis,41.3751,-74.6927,76.82,95,100,10.22,US,1687801201
451,bang krathum,16.5783,100.3003,75.96,95,100,1.86,TH,1687801290
452,broome,42.2506,-75.833,80.2,63,20,10.0,US,1687801290
453,westport,41.1415,-73.3579,80.82,78,100,5.01,US,1687801098
454,caravelas,-17.7125,-39.2481,78.03,61,85,7.2,BR,1687801290
455,joshimath,30.5667,79.5667,71.31,94,99,4.65,IN,1687801291
456,alghero,40.5589,8.3181,78.89,78,20,12.66,IT,1687801291
457,praya,14.9215,-23.5087,84.74,51,20,12.66,CV,1687801274
458,kushima,31.4583,131.2333,73.24,98,99,1.92,JP,1687801291
459,farmington,36.7281,-108.2187,89.78,17,0,4.61,US,1687801292
460,beloha,-25.1667,45.05,61.97,78,0,3.65,MG,1687801292
461,morehead,37.2711,-87.1764,83.86,57,0,6.91,US,1687801062
462,gao,16.6362,1.637,97.5,29,22,2.15,ML,1687801292
463,manokwari,-0.8667,134.0833,79.29,79,68,5.08,ID,1687801292
464,annecy-le-vieux,45.9197,6.1439,81.48,47,20,10.36,FR,1687801293
465,mugur-aksy,50.35,90.5,32.16,88,11,4.9,RU,1687801293
466,nelson bay,-32.7167,152.15,55.0,73,2,8.99,AU,1687801293
467,cookeville,36.1628,-85.5016,82.65,68,20,8.05,US,1687801293
468,hofn,64.2539,-15.2082,57.22,77,20,11.5,IS,1687801294
469,poum,-20.2333,164.0167,69.67,58,22,11.59,NC,1687801294
470,yanam,16.7333,82.2167,79.2,85,100,4.36,IN,1687801294
471,oneonta,42.4529,-75.0638,77.29,67,100,13.56,US,1687801294
472,russell,32.3502,-85.1999,88.88,58,0,5.75,US,1687801294
473,ouesso,1.6136,16.0517,72.09,98,99,2.91,CG,1687801295
474,ilovlya,49.3033,43.9796,67.64,50,100,10.27,RU,1687801295
475,madoc,44.5084,-77.4745,79.52,71,100,6.35,CA,1687801295
476,khoy,38.5504,44.9535,76.05,38,24,0.96,IR,1687801295
477,the valley,18.217,-63.0578,89.46,74,20,12.66,AI,1687801023
478,bodden town,19.2833,-81.25,89.6,62,40,12.66,KY,1687801296
479,zhangye,38.9342,100.4517,73.51,37,50,2.95,CN,1687801296
480,alto piquiri,-24.0281,-53.4406,75.31,51,0,10.49,BR,1687801296
481,santa maria,-29.6842,-53.8069,83.5,51,0,13.8,BR,1687801026
482,vostok,46.4856,135.8833,62.8,90,95,3.85,RU,1687801296
483,hervey bay,-25.2986,152.8535,62.51,41,99,10.29,AU,1687801297
484,gravdal,68.1214,13.5031,66.09,63,0,13.8,NO,1687801297
485,zhuanghe,39.7008,122.9911,65.91,88,99,8.08,CN,1687801297
486,hambantota,6.1241,81.1185,79.23,75,100,10.83,LK,1687801297
487,brewster,41.3973,-73.6171,77.97,92,100,6.91,US,1687801197
488,anchorage,61.2181,-149.9003,55.94,79,100,5.75,US,1687801152
489,cabusao,13.7227,123.1169,77.65,90,63,1.99,PH,1687801298
490,saint-michel-des-saints,46.6834,-73.9159,64.94,89,96,13.53,CA,1687801276
491,am timan,11.0297,20.2827,75.38,83,92,9.24,TD,1687801298
492,ossora,59.2353,163.0719,59.72,72,37,2.3,RU,1687801298
493,nioro,13.35,-15.75,94.73,40,100,11.61,GM,1687801299
494,kharp,66.8014,65.8081,51.76,92,83,4.83,RU,1687801299
495,uvinza,-5.1036,30.3911,68.13,73,45,3.74,TZ,1687801301
496,koungheul,13.9833,-14.8,98.73,33,100,6.06,SN,1687801301
497,husavik,66.0449,-17.3389,53.64,67,100,11.77,IS,1687801301
498,batemans bay,-35.7167,150.1833,51.1,69,88,5.68,AU,1687801301
499,khomeyn,33.6423,50.0789,77.65,26,2,3.0,IR,1687801302
500,hirara,24.8,125.2833,80.46,94,40,8.05,JP,1687801302
501,baykit,61.67,96.37,52.0,98,100,4.61,RU,1687801302
502,marsh harbour,26.5412,-77.0636,81.91,78,94,9.48,BS,1687801302
503,chuy,-33.6971,-53.4616,67.21,93,100,4.54,UY,1687801303
504,general roca,-39.0333,-67.5833,58.66,36,56,23.76,AR,1687801303
505,half moon bay,37.4636,-122.4286,71.58,77,100,12.66,US,1687801303
506,kampene,-3.6,26.6667,74.37,72,84,2.13,CD,1687801303
507,vega de alatorre,20.0333,-96.6333,87.06,57,87,4.34,MX,1687801303
508,providencia,28.7167,-111.5833,102.2,40,50,18.43,MX,1687801304
509,high level,58.5169,-117.136,69.91,73,20,3.44,CA,1687801304
510,wageningen,51.9667,5.6667,71.11,53,40,12.66,NL,1687801304
511,davila,18.4726,120.5763,83.48,76,96,3.8,PH,1687801304
512,calbuco,-41.768,-73.1273,51.01,80,94,11.52,CL,1687801305
513,lagoa,39.05,-27.9833,68.14,80,9,6.6,PT,1687801305
514,tacoronte,28.4769,-16.4102,78.26,75,20,8.05,ES,1687801305
515,padang,-0.9492,100.3543,74.08,90,100,2.77,ID,1687801305
516,lebyazhye,55.2689,66.4947,53.1,93,100,24.4,RU,1687801305
517,morris,40.8334,-74.5329,77.88,88,100,12.66,US,1687801126
518,glendive,47.1053,-104.7125,80.69,50,0,6.91,US,1687801306
519,nhamunda,-2.1861,-56.7131,86.5,59,53,2.1,BR,1687801306
520,makasar,-5.14,119.4221,77.05,100,20,2.3,ID,1687801259
521,salinopolis,-0.6136,-47.3561,82.89,74,16,11.83,BR,1687801306
522,nuuk,64.1835,-51.7216,54.21,43,20,8.05,GL,1687801307
523,butajira,8.1167,38.3667,61.57,83,80,3.18,ET,1687801307
524,sao felix do xingu,-6.6447,-51.995,93.13,33,87,4.18,BR,1687801307
525,jaragua,-15.7569,-49.3344,86.16,23,1,5.26,BR,1687801307
526,kamenka,51.3223,42.7678,59.32,82,100,5.44,RU,1687801308
527,freeport,40.6576,-73.5832,81.3,77,40,12.66,US,1687801308
528,pimenta bueno,-11.6725,-61.1936,92.35,36,0,1.05,BR,1687801145
529,coahuayana,18.7333,-103.6833,92.73,55,92,7.23,MX,1687801308
530,matara,5.9485,80.5353,77.36,90,76,7.34,LK,1687801308
531,tabou,4.423,-7.3528,77.11,76,93,11.5,CI,1687801309
532,carutapera,-1.195,-46.02,83.08,69,3,14.61,BR,1687801309
533,atar,20.5169,-13.0499,108.41,8,16,10.09,MR,1687801309
534,shira,54.4911,89.9531,47.79,84,31,3.89,RU,1687801309
535,bikin,46.8161,134.26,64.42,90,98,6.71,RU,1687801309
536,beckley,37.7782,-81.1882,80.49,61,20,10.36,US,1687801310
537,nivala,63.9167,24.9667,68.5,62,79,4.14,FI,1687801310
538,mitsamiouli,-11.3847,43.2844,77.29,69,75,12.66,KM,1687801310
539,sao joao da barra,-21.6403,-41.0511,82.49,49,0,8.34,BR,1687801268
540,komsomolskiy,40.4272,71.7189,83.12,39,35,2.3,UZ,1687801311
541,sao miguel do araguaia,-13.275,-50.1628,90.84,25,83,6.71,BR,1687801311
542,nizhneangarsk,55.7833,109.55,47.86,97,100,3.49,RU,1687801311
543,portland,45.5234,-122.6762,73.11,58,100,4.0,US,1687801287
544,charlestown,-32.95,151.6667,51.73,67,5,3.0,AU,1687801311
545,virginia beach,36.8529,-75.978,90.01,66,75,11.5,US,1687801203
546,praia da vitoria,38.7333,-27.0667,74.75,73,20,7.23,PT,1687801312
547,san policarpo,12.1791,125.5072,77.56,88,36,3.96,PH,1687801312
548,malumfashi,11.7853,7.6218,86.32,44,91,3.87,NG,1687801312
549,williamsburg,37.2707,-76.7075,87.73,58,40,9.22,US,1687801312
550,bud,39.447,-86.1758,78.82,69,56,17.05,US,1687801313
551,wakkanai,45.4094,141.6739,62.13,91,5,21.81,JP,1687801313
552,north platte,41.1239,-100.7654,79.99,41,40,8.01,US,1687801261
553,coracao de jesus,-16.6853,-44.365,82.76,31,73,7.56,BR,1687801313
554,san luis,-33.295,-66.3356,65.62,37,0,18.45,AR,1687801314
555,port macquarie,-31.4333,152.9167,37.89,64,1,5.86,AU,1687801314
556,abrau-dyurso,44.69,37.59,72.86,85,0,5.57,RU,1687801314
557,kulu,39.0951,33.0799,71.85,48,31,13.09,TR,1687801314
558,miedzyrzec podlaski,51.9864,22.7825,67.98,62,59,5.32,PL,1687801314
559,tazovskiy,67.4667,78.7,45.81,73,28,7.99,RU,1687801315
560,chatakonda,17.55,80.65,79.48,81,100,4.7,IN,1687801315
561,srednekolymsk,67.45,153.6833,60.06,58,66,13.18,RU,1687801315
562,pingliang,35.5392,106.6861,67.06,73,31,4.23,CN,1687801129
563,evanton,57.6638,-4.34,64.72,53,34,11.56,GB,1687801315
564,kati,12.7441,-8.0726,89.01,49,99,0.85,ML,1687801316
565,saint-pierre,-21.3393,55.4781,65.88,72,0,8.05,RE,1687801316
566,shelburne,44.0787,-80.2041,68.79,95,99,12.3,CA,1687801316
567,abu samrah,35.3029,37.1841,77.16,41,0,14.76,SY,1687801316
568,tansen,27.8673,83.5467,69.42,84,94,3.09,NP,1687801316
